StartID,EndID,Rel_Position
C1,C7,southwestern
C1,C2,eastern
C1,C166,northeastern
C1,C164,northern
C1,C155,northwestern
C2,C170,northern
C2,C1,western
C2,C166,northwestern
C2,C334,northeastern
C3,C11,southeastern
C3,C152,eastern
C3,C123,western
C3,C4,southern
C3,C154,northeastern
C3,C160,northwestern
C3,C161,northern
C3,C133,southwestern
C4,C5,southeastern
C4,C11,eastern
C4,C128,western
C4,C117,southern
C4,C136,southwestern
C4,C3,northern
C4,C133,western
C5,C11,northeastern
C5,C9,southeastern
C5,C115,southwestern
C5,C117,southwestern
C5,C4,northwestern
C6,C12,southeastern
C6,C7,eastern
C6,C11,western
C6,C9,southern
C6,C152,northwestern
C6,C155,northern
C7,C12,southern
C7,C1,northeastern
C7,C6,western
C7,C9,southwestern
C7,C155,northern
C8,C10,northeastern
C8,C12,northwestern
C8,C63,southwestern
C9,C12,eastern
C9,C7,northeastern
C9,C5,northwestern
C9,C11,northern
C9,C6,northern
C9,C63,southeastern
C9,C115,western
C10,C8,southwestern
C10,C12,western
C11,C5,southwestern
C11,C6,eastern
C11,C9,southern
C11,C152,northern
C11,C4,western
C11,C3,northwestern
C12,C8,southeastern
C12,C10,eastern
C12,C7,northern
C12,C6,northwestern
C12,C9,western
C12,C63,southwestern
C13,C332,eastern
C13,C14,eastern
C13,C23,northeastern
C13,C16,northwestern
C13,C169,southern
C13,C25,western
C13,C167,southwestern
C14,C333,southeastern
C14,C332,southwestern
C14,C13,western
C14,C24,eastern
C14,C23,northwestern
C14,C330,southwestern
C15,C19,northwestern
C15,C26,southwestern
C15,C356,northern
C15,C23,southeastern
C15,C16,southern
C15,C27,eastern
C15,C17,northern
C16,C13,southeastern
C16,C26,northwestern
C16,C23,eastern
C16,C15,northern
C16,C20,western
C16,C25,southern
C17,C356,western
C17,C15,southern
C17,C27,southeastern
C17,C22,eastern
C17,C91,northern
C18,C26,northeastern
C18,C374,southern
C18,C20,southeastern
C18,C318,northwestern
C18,C21,northern
C19,C26,southern
C19,C356,northeastern
C19,C15,southeastern
C19,C318,southwestern
C19,C21,southwestern
C19,C358,northwestern
C20,C26,northern
C20,C16,eastern
C20,C374,western
C20,C25,southeastern
C20,C18,northwestern
C21,C19,northeastern
C21,C26,southeastern
C21,C318,western
C21,C18,southern
C22,C28,southern
C22,C27,southwestern
C22,C17,western
C23,C13,southwestern
C23,C24,eastern
C23,C14,southeastern
C23,C16,western
C23,C28,northeastern
C23,C15,northwestern
C23,C27,northern
C24,C333,southern
C24,C14,western
C24,C23,western
C24,C336,southern
C25,C13,eastern
C25,C16,northern
C25,C163,western
C25,C374,northwestern
C25,C20,northwestern
C25,C167,southern
C26,C19,northern
C26,C16,southeastern
C26,C15,northeastern
C26,C20,southern
C26,C18,southwestern
C26,C21,northwestern
C27,C23,southern
C27,C28,southeastern
C27,C15,western
C27,C22,northeastern
C27,C17,northwestern
C28,C23,southwestern
C28,C27,northwestern
C28,C22,northern
C29,C42,eastern
C29,C37,southeastern
C29,C31,northwestern
C29,C33,northern
C29,C30,southwestern
C30,C37,eastern
C30,C29,northeastern
C30,C32,northwestern
C30,C31,northern
C30,C36,southeastern
C30,C290,southern
C30,C289,southwestern
C31,C29,southeastern
C31,C32,southwestern
C31,C33,northeastern
C31,C35,northwestern
C31,C274,northern
C31,C30,southern
C32,C31,northeastern
C32,C35,northern
C32,C289,southern
C32,C30,southeastern
C32,C294,southwestern
C32,C280,northwestern
C33,C278,northern
C33,C42,southeastern
C33,C29,southern
C33,C31,southwestern
C33,C274,northwestern
C34,C260,eastern
C34,C38,western
C34,C264,southern
C34,C42,northern
C35,C32,southern
C35,C31,southeastern
C35,C274,northeastern
C35,C273,northeastern
C35,C279,northern
C35,C280,western
C36,C38,eastern
C36,C390,southeastern
C36,C37,northeastern
C36,C290,western
C36,C30,northwestern
C36,C291,southwestern
C36,C392,southwestern
C37,C38,southern
C37,C42,northeastern
C37,C29,northwestern
C37,C36,southwestern
C37,C30,western
C38,C34,eastern
C38,C264,southeastern
C38,C390,southern
C38,C42,northeastern
C38,C37,northern
C38,C36,western
C39,C316,southern
C39,C300,southeastern
C39,C241,western
C39,C53,northwestern
C39,C297,eastern
C40,C137,northeastern
C40,C66,southern
C40,C86,western
C40,C141,northwestern
C40,C142,northern
C41,C278,southern
C41,C249,southern
C41,C247,southeastern
C41,C245,northeastern
C41,C317,northern
C41,C242,eastern
C41,C246,eastern
C41,C248,southeastern
C41,C276,northwestern
C41,C275,southwestern
C42,C278,northwestern
C42,C249,northern
C42,C262,southeastern
C42,C260,southern
C42,C34,southern
C42,C38,southwestern
C42,C37,southwestern
C42,C313,eastern
C42,C29,western
C42,C310,eastern
C42,C319,northern
C42,C33,northwestern
C43,C46,southeastern
C43,C52,eastern
C43,C51,northern
C43,C48,northeastern
C43,C50,northern
C44,C283,eastern
C44,C46,northwestern
C44,C288,northeastern
C44,C45,southwestern
C44,C393,southeastern
C44,C281,northern
C44,C52,northern
C45,C44,northeastern
C45,C393,eastern
C45,C387,southeastern
C46,C44,southeastern
C46,C52,northern
C46,C43,northwestern
C47,C51,southern
C47,C48,southeastern
C47,C50,western
C47,C49,northern
C47,C282,northeastern
C48,C52,southern
C48,C286,southeastern
C48,C51,western
C48,C43,southwestern
C48,C47,northwestern
C48,C282,northern
C48,C287,northeastern
C49,C50,southwestern
C49,C47,southern
C49,C213,western
C49,C282,eastern
C49,C292,northeastern
C49,C208,northwestern
C50,C51,southeastern
C50,C43,southern
C50,C47,eastern
C50,C49,northeastern
C50,C213,northern
C51,C43,southern
C51,C48,eastern
C51,C50,northwestern
C51,C47,northern
C52,C46,southern
C52,C44,southern
C52,C281,southeastern
C52,C286,northeastern
C52,C43,western
C52,C48,northern
C53,C323,northern
C53,C243,northwestern
C53,C321,northeastern
C53,C241,southwestern
C53,C39,southeastern
C53,C244,southwestern
C53,C251,northwestern
C53,C325,northeastern
C53,C242,western
C53,C297,eastern
C53,C326,eastern
C54,C61,eastern
C54,C116,northern
C55,C59,northeastern
C55,C56,eastern
C55,C58,northwestern
C55,C61,western
C55,C62,northern
C55,C57,southern
C56,C59,northwestern
C56,C63,northern
C56,C55,western
C57,C61,northwestern
C57,C64,southwestern
C57,C60,southern
C57,C55,northern
C58,C61,southern
C58,C62,eastern
C58,C55,southeastern
C58,C121,northeastern
C58,C116,western
C58,C118,northwestern
C59,C56,southeastern
C59,C63,northeastern
C59,C62,western
C59,C55,southwestern
C59,C121,northwestern
C60,C64,northwestern
C60,C57,northern
C61,C58,northern
C61,C64,southern
C61,C55,eastern
C61,C57,southeastern
C61,C116,northwestern
C61,C54,western
C62,C59,eastern
C62,C58,western
C62,C55,southern
C62,C121,northern
C63,C8,northeastern
C63,C12,northeastern
C63,C9,northwestern
C63,C59,southwestern
C63,C56,southern
C63,C121,western
C63,C115,western
C64,C61,northern
C64,C60,southeastern
C64,C57,northeastern
C65,C322,western
C65,C236,northeastern
C65,C134,southeastern
C65,C327,northwestern
C65,C328,western
C65,C359,northern
C65,C131,eastern
C65,C320,southern
C65,C135,southeastern
C65,C326,southwestern
C66,C137,northeastern
C66,C206,western
C66,C40,northern
C66,C323,southern
C66,C86,northwestern
C66,C324,southeastern
C66,C359,eastern
C67,C262,northern
C67,C260,northern
C67,C255,southeastern
C67,C267,eastern
C67,C265,southwestern
C67,C270,southern
C67,C256,western
C67,C264,northwestern
C67,C271,northeastern
C68,C317,northeastern
C68,C217,northern
C68,C229,northern
C68,C172,western
C68,C176,southwestern
C68,C174,western
C68,C276,southeastern
C69,C77,southeastern
C69,C72,northeastern
C69,C74,northwestern
C70,C74,southern
C70,C81,western
C70,C71,southeastern
C70,C76,northeastern
C70,C75,southeastern
C71,C72,southeastern
C71,C74,southwestern
C71,C70,northwestern
C71,C75,eastern
C72,C77,southern
C72,C69,southwestern
C72,C74,western
C72,C222,southeastern
C72,C223,eastern
C72,C71,northwestern
C72,C75,northern
C73,C84,western
C73,C83,southwestern
C73,C82,northwestern
C73,C80,northern
C73,C79,eastern
C73,C172,southeastern
C74,C69,southeastern
C74,C72,eastern
C74,C81,northwestern
C74,C70,northern
C74,C71,northeastern
C75,C72,southern
C75,C223,southeastern
C75,C70,northwestern
C75,C71,western
C75,C76,northern
C75,C78,eastern
C76,C70,southwestern
C76,C75,southern
C76,C78,southeastern
C77,C82,southern
C77,C69,northwestern
C77,C72,northern
C77,C222,northeastern
C78,C218,southeastern
C78,C225,eastern
C78,C223,southern
C78,C76,northwestern
C78,C75,western
C78,C112,northern
C79,C73,western
C79,C80,northern
C79,C219,northeastern
C79,C229,eastern
C79,C172,southern
C80,C82,western
C80,C73,southern
C80,C79,southern
C80,C220,northeastern
C80,C219,eastern
C80,C222,northern
C81,C74,southeastern
C81,C70,eastern
C82,C84,southern
C82,C73,southeastern
C82,C80,eastern
C82,C77,northern
C82,C222,northern
C83,C84,northwestern
C83,C73,northeastern
C83,C172,eastern
C83,C177,southern
C83,C178,southwestern
C84,C83,southeastern
C84,C82,northern
C84,C73,eastern
C84,C178,southern
C85,C206,southeastern
C85,C139,eastern
C85,C147,southwestern
C85,C221,western
C85,C138,northern
C85,C224,northern
C85,C227,northwestern
C86,C66,southeastern
C86,C206,southern
C86,C40,eastern
C86,C141,northeastern
C86,C139,western
C86,C138,northern
C86,C143,northern
C87,C88,southern
C87,C92,southeastern
C87,C97,eastern
C88,C96,eastern
C88,C92,northeastern
C88,C87,northern
C88,C351,southern
C88,C95,southeastern
C89,C90,western
C89,C93,southwestern
C89,C91,southeastern
C89,C94,northeastern
C90,C96,western
C90,C92,northwestern
C90,C93,southern
C90,C95,southwestern
C90,C89,eastern
C90,C94,northeastern
C91,C356,southwestern
C91,C93,western
C91,C17,southern
C91,C89,northwestern
C92,C88,southwestern
C92,C90,southeastern
C92,C96,southern
C92,C87,northwestern
C92,C97,northern
C93,C356,southern
C93,C90,northern
C93,C95,northwestern
C93,C354,southwestern
C93,C89,northeastern
C93,C91,eastern
C94,C90,southwestern
C94,C89,southwestern
C95,C88,northwestern
C95,C90,northeastern
C95,C96,northwestern
C95,C93,southeastern
C95,C353,southwestern
C95,C350,southern
C95,C351,western
C95,C354,southeastern
C96,C88,western
C96,C90,eastern
C96,C92,northern
C96,C95,southeastern
C97,C92,southern
C97,C87,western
C98,C102,southeastern
C98,C111,eastern
C98,C110,northeastern
C98,C107,southern
C98,C105,western
C99,C100,southern
C99,C108,southeastern
C99,C114,northeastern
C99,C109,southwestern
C99,C106,northwestern
C100,C138,southern
C100,C108,eastern
C100,C99,northern
C100,C109,western
C100,C113,southwestern
C101,C103,eastern
C101,C225,southern
C101,C112,western
C102,C98,northwestern
C102,C104,northeastern
C102,C111,northern
C102,C114,southwestern
C102,C107,southwestern
C102,C340,southeastern
C103,C101,western
C103,C109,eastern
C103,C113,southeastern
C103,C225,southwestern
C104,C197,eastern
C104,C102,southwestern
C104,C111,northwestern
C104,C193,northern
C104,C340,southern
C105,C98,eastern
C105,C107,southeastern
C105,C106,southern
C106,C99,southeastern
C106,C114,eastern
C106,C107,northeastern
C106,C105,northern
C106,C109,southern
C107,C102,northeastern
C107,C98,northern
C107,C114,southeastern
C107,C105,northwestern
C107,C106,southwestern
C108,C138,southwestern
C108,C100,western
C108,C144,southeastern
C108,C348,eastern
C108,C99,northwestern
C108,C114,northern
C108,C349,northeastern
C109,C138,southeastern
C109,C100,eastern
C109,C99,northeastern
C109,C103,western
C109,C106,northern
C109,C113,southern
C110,C98,southwestern
C110,C111,southeastern
C110,C200,eastern
C111,C102,southern
C111,C98,western
C111,C104,southeastern
C111,C193,eastern
C111,C110,northwestern
C111,C200,northeastern
C112,C101,eastern
C112,C225,southeastern
C112,C78,southern
C113,C138,southeastern
C113,C100,northeastern
C113,C103,northwestern
C113,C109,northern
C113,C224,southern
C113,C225,western
C114,C108,southern
C114,C102,northeastern
C114,C99,southwestern
C114,C107,northwestern
C114,C340,northeastern
C114,C349,eastern
C114,C106,western
C115,C5,northeastern
C115,C9,eastern
C115,C63,eastern
C115,C121,southern
C115,C118,southwestern
C115,C120,western
C115,C117,northwestern
C116,C58,eastern
C116,C61,southeastern
C116,C54,southern
C116,C118,northern
C116,C303,western
C116,C119,northwestern
C117,C5,northeastern
C117,C120,southwestern
C117,C115,southeastern
C117,C136,western
C117,C4,northern
C118,C58,southeastern
C118,C121,eastern
C118,C116,southern
C118,C119,western
C118,C120,northern
C118,C115,northeastern
C119,C116,southeastern
C119,C118,eastern
C119,C303,southwestern
C119,C295,western
C119,C306,western
C119,C120,northeastern
C119,C126,northwestern
C120,C118,southern
C120,C119,southwestern
C120,C115,eastern
C120,C117,northeastern
C120,C136,northern
C120,C129,northwestern
C120,C126,western
C121,C59,southeastern
C121,C63,eastern
C121,C58,southwestern
C121,C62,southern
C121,C118,western
C121,C115,northern
C122,C299,western
C122,C127,northwestern
C122,C302,southern
C122,C124,northeastern
C122,C126,eastern
C123,C131,southwestern
C123,C233,northwestern
C123,C125,southern
C123,C3,eastern
C123,C160,northeastern
C123,C133,southern
C124,C132,northeastern
C124,C127,western
C124,C135,northwestern
C124,C122,southwestern
C124,C129,southeastern
C124,C130,northeastern
C124,C126,southeastern
C125,C131,western
C125,C132,southwestern
C125,C123,northern
C125,C128,southern
C125,C133,southeastern
C126,C295,southwestern
C126,C119,southeastern
C126,C120,eastern
C126,C302,western
C126,C122,western
C126,C124,northwestern
C126,C129,northern
C127,C297,western
C127,C299,southwestern
C127,C320,northern
C127,C135,northeastern
C127,C122,southeastern
C127,C124,eastern
C128,C132,western
C128,C125,northern
C128,C136,southern
C128,C4,eastern
C128,C133,northern
C128,C130,southwestern
C129,C120,southeastern
C129,C136,eastern
C129,C124,northwestern
C129,C130,northern
C129,C126,southern
C130,C132,northwestern
C130,C128,northeastern
C130,C136,southeastern
C130,C124,southwestern
C130,C129,southern
C131,C65,western
C131,C236,northwestern
C131,C134,southwestern
C131,C235,northern
C131,C132,southern
C131,C233,northeastern
C131,C123,northeastern
C131,C125,eastern
C132,C134,northwestern
C132,C131,northern
C132,C125,northeastern
C132,C128,eastern
C132,C135,western
C132,C124,southwestern
C132,C130,southeastern
C133,C123,northern
C133,C125,northwestern
C133,C128,southern
C133,C4,eastern
C133,C3,northeastern
C134,C65,northwestern
C134,C131,northeastern
C134,C132,southeastern
C134,C135,southwestern
C135,C65,northwestern
C135,C134,northeastern
C135,C132,eastern
C135,C320,western
C135,C127,southwestern
C135,C124,southeastern
C136,C128,northern
C136,C120,southern
C136,C117,eastern
C136,C4,northeastern
C136,C129,western
C136,C130,northwestern
C137,C66,southwestern
C137,C40,southwestern
C137,C146,northern
C137,C140,northeastern
C137,C142,northwestern
C137,C359,southeastern
C138,C86,southern
C138,C139,southern
C138,C85,southern
C138,C100,northern
C138,C108,northeastern
C138,C143,southeastern
C138,C144,eastern
C138,C109,northwestern
C138,C113,northwestern
C138,C224,western
C139,C206,southern
C139,C86,eastern
C139,C85,western
C139,C138,northern
C140,C238,northeastern
C140,C137,southwestern
C140,C237,eastern
C140,C146,northwestern
C140,C359,southeastern
C141,C40,southeastern
C141,C86,southwestern
C141,C143,northern
C141,C142,eastern
C142,C137,southeastern
C142,C40,southern
C142,C141,western
C142,C143,northwestern
C142,C145,northern
C142,C146,northeastern
C143,C86,southern
C143,C141,southern
C143,C138,northwestern
C143,C144,northeastern
C143,C145,eastern
C143,C142,southeastern
C144,C341,eastern
C144,C347,eastern
C144,C138,western
C144,C108,northwestern
C144,C143,southwestern
C144,C145,southern
C144,C146,southeastern
C144,C348,northeastern
C145,C143,western
C145,C144,northern
C145,C146,eastern
C145,C142,southern
C146,C238,eastern
C146,C347,northeastern
C146,C137,southern
C146,C144,northwestern
C146,C145,western
C146,C140,southeastern
C146,C142,southwestern
C147,C206,southeastern
C147,C252,southern
C147,C317,southwestern
C147,C85,northeastern
C147,C221,northwestern
C148,C205,western
C148,C371,northwestern
C148,C159,eastern
C148,C372,northeastern
C148,C157,southwestern
C148,C153,southern
C148,C149,southeastern
C148,C363,northern
C149,C151,southeastern
C149,C152,southeastern
C149,C158,eastern
C149,C159,northeastern
C149,C148,northwestern
C149,C153,western
C149,C154,southern
C150,C205,northwestern
C150,C239,western
C150,C157,northeastern
C150,C153,eastern
C150,C160,southern
C150,C161,southeastern
C151,C152,southern
C151,C155,southeastern
C151,C158,northern
C151,C149,northwestern
C152,C11,southern
C152,C6,southeastern
C152,C151,northern
C152,C155,northeastern
C152,C149,northwestern
C152,C3,western
C152,C154,western
C153,C150,western
C153,C157,northwestern
C153,C148,northern
C153,C149,eastern
C153,C154,southern
C153,C161,southwestern
C154,C152,eastern
C154,C153,northern
C154,C149,northern
C154,C3,southwestern
C154,C161,western
C155,C156,northern
C155,C7,southern
C155,C1,southeastern
C155,C164,northeastern
C155,C6,southern
C155,C151,northwestern
C155,C152,southwestern
C155,C158,northwestern
C156,C162,northeastern
C156,C164,southeastern
C156,C155,southern
C156,C158,western
C156,C159,northwestern
C157,C205,northwestern
C157,C150,southwestern
C157,C148,northeastern
C157,C153,southeastern
C158,C156,eastern
C158,C151,southern
C158,C155,southeastern
C158,C159,northern
C158,C149,western
C159,C383,northern
C159,C156,southeastern
C159,C162,eastern
C159,C158,southern
C159,C372,northwestern
C159,C148,western
C159,C149,southwestern
C159,C168,northeastern
C159,C381,northern
C160,C239,northwestern
C160,C150,northern
C160,C233,western
C160,C123,southwestern
C160,C3,southeastern
C160,C161,eastern
C161,C150,northwestern
C161,C153,northeastern
C161,C3,southern
C161,C154,eastern
C161,C160,western
C162,C156,southwestern
C162,C165,eastern
C162,C166,southeastern
C162,C164,southern
C162,C159,western
C162,C171,northeastern
C162,C168,northwestern
C163,C374,northern
C163,C25,eastern
C163,C167,southeastern
C163,C171,southeastern
C163,C168,southwestern
C163,C378,northwestern
C164,C156,northwestern
C164,C162,northern
C164,C1,southern
C164,C166,eastern
C164,C155,southwestern
C165,C162,western
C165,C170,southeastern
C165,C166,southern
C165,C171,northern
C166,C165,northern
C166,C162,northwestern
C166,C170,northeastern
C166,C1,southwestern
C166,C2,southeastern
C166,C164,western
C167,C13,northeastern
C167,C169,southeastern
C167,C163,northwestern
C167,C25,northern
C167,C171,southwestern
C168,C162,southeastern
C168,C159,southwestern
C168,C163,northeastern
C168,C171,eastern
C168,C378,northern
C168,C381,northwestern
C169,C170,southern
C169,C332,northeastern
C169,C13,northern
C169,C335,eastern
C169,C167,northwestern
C169,C171,western
C170,C165,northwestern
C170,C2,southern
C170,C166,southwestern
C170,C334,southeastern
C170,C338,eastern
C170,C335,northeastern
C170,C169,northern
C170,C171,northwestern
C171,C165,southern
C171,C162,southwestern
C171,C170,southeastern
C171,C169,eastern
C171,C163,northwestern
C171,C167,northeastern
C171,C168,western
C172,C83,western
C172,C73,northwestern
C172,C79,northern
C172,C229,northeastern
C172,C174,southern
C172,C177,southwestern
C172,C68,eastern
C173,C175,northeastern
C173,C240,southeastern
C173,C179,western
C173,C180,northwestern
C173,C178,northern
C173,C216,southern
C174,C172,northern
C174,C176,southeastern
C174,C175,southwestern
C174,C177,western
C174,C68,eastern
C175,C176,eastern
C175,C174,northeastern
C175,C240,southern
C175,C177,northern
C175,C173,southwestern
C175,C178,northwestern
C176,C174,northwestern
C176,C175,western
C176,C272,southeastern
C176,C240,southwestern
C176,C68,northeastern
C176,C276,eastern
C176,C277,southern
C177,C83,northern
C177,C172,northeastern
C177,C174,eastern
C177,C175,southern
C177,C178,western
C178,C84,northern
C178,C83,northeastern
C178,C175,southeastern
C178,C177,eastern
C178,C173,southern
C178,C180,southwestern
C179,C173,eastern
C179,C180,northern
C179,C216,southeastern
C180,C179,southern
C180,C173,southeastern
C180,C178,northeastern
C181,C188,eastern
C181,C187,northwestern
C181,C185,northern
C181,C195,southern
C182,C189,southeastern
C182,C201,southwestern
C182,C203,northern
C183,C184,southern
C183,C194,southeastern
C183,C199,northwestern
C184,C204,southwestern
C184,C192,western
C184,C186,northeastern
C184,C194,northeastern
C184,C183,northern
C184,C199,northern
C184,C203,southeastern
C185,C188,southeastern
C185,C204,eastern
C185,C181,southern
C185,C187,western
C185,C191,northwestern
C185,C190,northern
C185,C192,northern
C186,C184,southwestern
C186,C198,southeastern
C186,C194,western
C186,C203,southern
C187,C181,southeastern
C187,C197,southwestern
C187,C185,eastern
C187,C196,northwestern
C187,C191,northern
C187,C195,southeastern
C187,C202,southern
C187,C193,western
C187,C200,northwestern
C188,C362,eastern
C188,C201,northeastern
C188,C204,northern
C188,C181,western
C188,C185,northwestern
C188,C308,southern
C188,C367,southeastern
C188,C195,southwestern
C189,C362,southwestern
C189,C201,western
C189,C182,northwestern
C190,C185,southern
C190,C191,southwestern
C190,C192,eastern
C191,C187,southern
C191,C185,southeastern
C191,C196,western
C191,C190,northeastern
C192,C204,southern
C192,C185,southern
C192,C190,western
C192,C184,eastern
C192,C199,northern
C193,C197,southeastern
C193,C187,eastern
C193,C104,southern
C193,C111,western
C193,C200,northern
C194,C184,southwestern
C194,C186,eastern
C194,C183,northwestern
C195,C188,northeastern
C195,C181,northern
C195,C187,northwestern
C195,C308,southeastern
C195,C345,southern
C195,C202,western
C195,C342,southwestern
C196,C187,southeastern
C196,C191,eastern
C196,C200,western
C197,C187,northeastern
C197,C202,southeastern
C197,C104,western
C197,C193,northwestern
C197,C340,southwestern
C198,C186,northwestern
C198,C203,southwestern
C199,C184,southern
C199,C192,southern
C199,C183,southeastern
C200,C187,southeastern
C200,C196,eastern
C200,C111,southwestern
C200,C193,southern
C200,C110,western
C201,C362,southeastern
C201,C188,southwestern
C201,C189,eastern
C201,C182,northeastern
C201,C204,northwestern
C201,C203,northern
C202,C197,northwestern
C202,C187,northern
C202,C195,eastern
C202,C340,southwestern
C202,C342,southwestern
C203,C201,southern
C203,C182,southern
C203,C204,southwestern
C203,C184,northwestern
C203,C198,northeastern
C203,C186,northern
C204,C188,southern
C204,C201,southeastern
C204,C185,western
C204,C184,northeastern
C204,C192,northern
C204,C203,northeastern
C205,C231,western
C205,C344,northwestern
C205,C360,northwestern
C205,C371,northeastern
C205,C234,western
C205,C230,southwestern
C205,C239,southwestern
C205,C232,southwestern
C205,C150,southeastern
C205,C157,southeastern
C205,C148,eastern
C206,C66,eastern
C206,C323,southeastern
C206,C86,northern
C206,C243,southeastern
C206,C139,northern
C206,C250,southern
C206,C252,western
C206,C245,southwestern
C206,C147,northwestern
C206,C85,northwestern
C207,C215,southwestern
C207,C209,southern
C207,C212,eastern
C208,C49,southeastern
C208,C213,southern
C208,C214,northeastern
C208,C292,eastern
C208,C209,western
C208,C212,northern
C209,C213,southeastern
C209,C215,western
C209,C207,northern
C209,C208,eastern
C209,C212,northeastern
C210,C240,northeastern
C210,C279,eastern
C210,C216,northwestern
C210,C214,western
C210,C292,southern
C210,C280,southeastern
C210,C211,western
C211,C216,northeastern
C211,C214,southeastern
C211,C210,eastern
C211,C212,southern
C212,C214,eastern
C212,C209,southwestern
C212,C207,western
C212,C208,southern
C212,C211,northern
C213,C50,southern
C213,C49,eastern
C213,C209,northwestern
C213,C208,northern
C214,C292,southeastern
C214,C210,eastern
C214,C208,southwestern
C214,C212,western
C214,C211,northwestern
C215,C209,eastern
C215,C207,northeastern
C216,C240,eastern
C216,C179,northwestern
C216,C173,northern
C216,C210,southeastern
C216,C211,southwestern
C217,C317,eastern
C217,C226,northern
C217,C219,northwestern
C217,C229,western
C217,C68,southern
C218,C226,southern
C218,C228,southeastern
C218,C220,southwestern
C218,C225,northern
C218,C227,eastern
C218,C223,western
C218,C78,northwestern
C219,C217,southeastern
C219,C226,northeastern
C219,C80,western
C219,C79,southwestern
C219,C220,northern
C219,C229,southern
C220,C226,southeastern
C220,C80,southwestern
C220,C219,southern
C220,C218,northeastern
C220,C222,western
C220,C223,northwestern
C221,C317,southern
C221,C147,southeastern
C221,C85,eastern
C221,C226,western
C221,C228,western
C221,C227,northern
C222,C82,southwestern
C222,C80,southern
C222,C220,eastern
C222,C77,southwestern
C222,C72,northwestern
C222,C223,northeastern
C223,C220,southeastern
C223,C218,eastern
C223,C72,western
C223,C222,southwestern
C223,C75,northwestern
C223,C78,northern
C224,C85,southern
C224,C138,eastern
C224,C113,northern
C224,C225,western
C224,C227,southwestern
C225,C101,northern
C225,C103,northeastern
C225,C113,eastern
C225,C218,southern
C225,C224,eastern
C225,C227,southeastern
C225,C78,western
C225,C112,northwestern
C226,C317,southeastern
C226,C221,eastern
C226,C217,southern
C226,C228,northeastern
C226,C220,northwestern
C226,C219,southwestern
C226,C218,northern
C227,C85,southeastern
C227,C221,southern
C227,C228,southwestern
C227,C218,western
C227,C224,northeastern
C227,C225,northwestern
C228,C221,eastern
C228,C226,southwestern
C228,C218,northwestern
C228,C227,northeastern
C229,C217,eastern
C229,C79,western
C229,C219,northern
C229,C172,southwestern
C229,C68,southern
C230,C205,northeastern
C230,C237,western
C230,C234,northwestern
C230,C239,southeastern
C230,C232,eastern
C230,C359,southwestern
C231,C238,western
C231,C205,eastern
C231,C339,northwestern
C231,C344,northern
C231,C237,southwestern
C231,C234,southern
C232,C205,northeastern
C232,C230,western
C232,C239,southwestern
C233,C239,northwestern
C233,C131,southwestern
C233,C235,western
C233,C123,southeastern
C233,C160,eastern
C234,C231,northern
C234,C205,eastern
C234,C237,western
C234,C230,southeastern
C235,C239,northeastern
C235,C236,southwestern
C235,C359,western
C235,C131,southern
C235,C233,eastern
C236,C65,southwestern
C236,C359,northwestern
C236,C131,southeastern
C236,C235,northeastern
C237,C238,northern
C237,C231,northeastern
C237,C234,eastern
C237,C230,eastern
C237,C140,western
C237,C359,southern
C238,C231,eastern
C238,C339,northeastern
C238,C341,northwestern
C238,C347,western
C238,C237,southern
C238,C146,western
C238,C140,southwestern
C239,C205,northeastern
C239,C230,northwestern
C239,C232,northeastern
C239,C150,eastern
C239,C359,western
C239,C235,southwestern
C239,C233,southeastern
C239,C160,southeastern
C240,C176,northeastern
C240,C175,northern
C240,C277,eastern
C240,C173,northwestern
C240,C279,southeastern
C240,C216,western
C240,C210,southwestern
C241,C247,southwestern
C241,C315,southern
C241,C316,southeastern
C241,C39,eastern
C241,C53,northeastern
C241,C244,northwestern
C241,C248,western
C242,C53,eastern
C242,C244,southern
C242,C251,northeastern
C242,C245,northwestern
C242,C41,western
C242,C246,southwestern
C243,C206,northwestern
C243,C323,northeastern
C243,C250,western
C243,C53,southeastern
C243,C251,southwestern
C244,C241,southeastern
C244,C53,northeastern
C244,C242,northern
C244,C246,western
C244,C248,southwestern
C245,C206,northeastern
C245,C250,eastern
C245,C251,eastern
C245,C252,northern
C245,C317,northwestern
C245,C41,southwestern
C245,C242,southeastern
C246,C244,eastern
C246,C41,western
C246,C242,northeastern
C246,C248,southern
C247,C249,western
C247,C315,eastern
C247,C319,southeastern
C247,C241,northeastern
C247,C41,northwestern
C247,C248,northern
C248,C247,southern
C248,C241,eastern
C248,C244,northeastern
C248,C41,northwestern
C248,C246,northern
C249,C278,western
C249,C247,eastern
C249,C42,southern
C249,C319,southeastern
C249,C41,northern
C250,C206,northern
C250,C243,eastern
C250,C251,southeastern
C250,C245,western
C251,C243,northeastern
C251,C250,northwestern
C251,C53,southeastern
C251,C245,western
C251,C242,southwestern
C252,C206,eastern
C252,C245,southern
C252,C317,western
C252,C147,northern
C253,C254,northwestern
C253,C267,southwestern
C253,C261,northern
C253,C271,western
C253,C268,eastern
C253,C258,northeastern
C254,C262,western
C254,C253,southeastern
C254,C257,northern
C254,C261,northeastern
C254,C271,southwestern
C255,C267,northern
C255,C67,northwestern
C256,C266,southern
C256,C265,southern
C256,C67,eastern
C256,C259,southwestern
C256,C264,northwestern
C257,C262,southwestern
C257,C254,southern
C257,C261,eastern
C257,C312,northern
C257,C313,northwestern
C258,C253,southwestern
C258,C261,western
C258,C268,southern
C258,C263,southeastern
C258,C304,eastern
C258,C269,northern
C258,C296,northeastern
C259,C266,southern
C259,C256,northeastern
C259,C264,northern
C259,C390,northwestern
C259,C394,southwestern
C260,C262,eastern
C260,C34,western
C260,C67,southern
C260,C264,southwestern
C260,C42,northern
C261,C254,southwestern
C261,C253,southern
C261,C257,western
C261,C312,northern
C261,C258,eastern
C261,C269,northeastern
C262,C260,western
C262,C254,eastern
C262,C257,northeastern
C262,C67,southern
C262,C271,southeastern
C262,C42,northwestern
C262,C313,northern
C263,C268,western
C263,C258,northwestern
C263,C298,northeastern
C263,C304,northern
C264,C260,northeastern
C264,C34,northern
C264,C38,northwestern
C264,C67,southeastern
C264,C259,southern
C264,C256,southeastern
C264,C390,southwestern
C265,C266,western
C265,C270,eastern
C265,C67,northeastern
C265,C256,northern
C266,C265,eastern
C266,C259,northern
C266,C256,northern
C266,C388,southwestern
C266,C394,western
C267,C255,southern
C267,C253,northeastern
C267,C67,western
C267,C271,northwestern
C268,C253,western
C268,C263,eastern
C268,C258,northern
C269,C261,southwestern
C269,C312,northwestern
C269,C258,southern
C269,C296,eastern
C269,C301,northeastern
C269,C305,northern
C270,C265,western
C270,C67,northern
C271,C262,northwestern
C271,C254,northeastern
C271,C253,eastern
C271,C267,southeastern
C271,C67,southwestern
C272,C176,northwestern
C272,C276,northeastern
C272,C275,southeastern
C272,C277,southwestern
C273,C278,eastern
C273,C275,northeastern
C273,C277,northern
C273,C35,southwestern
C273,C274,southeastern
C273,C279,western
C274,C278,northeastern
C274,C31,southern
C274,C33,southeastern
C274,C35,southwestern
C274,C273,northwestern
C275,C278,southeastern
C275,C41,northeastern
C275,C272,northwestern
C275,C276,northern
C275,C277,western
C275,C273,southwestern
C276,C317,northern
C276,C41,southeastern
C276,C176,western
C276,C272,southwestern
C276,C68,northwestern
C276,C275,southern
C277,C176,northern
C277,C272,northeastern
C277,C240,western
C277,C275,eastern
C277,C273,southern
C277,C279,southern
C278,C249,eastern
C278,C42,southeastern
C278,C41,northern
C278,C275,northwestern
C278,C33,southern
C278,C274,southwestern
C278,C273,western
C279,C240,northwestern
C279,C277,northern
C279,C35,southern
C279,C273,eastern
C279,C210,western
C279,C280,southwestern
C280,C32,southeastern
C280,C35,eastern
C280,C279,northeastern
C280,C285,southwestern
C280,C294,southern
C280,C292,western
C280,C210,northwestern
C281,C288,southeastern
C281,C44,southern
C281,C52,northwestern
C281,C286,northern
C281,C284,northeastern
C281,C293,eastern
C282,C48,southern
C282,C47,southwestern
C282,C49,western
C282,C285,northeastern
C282,C287,southeastern
C282,C292,northern
C283,C288,northern
C283,C44,western
C283,C392,northeastern
C283,C393,southern
C283,C389,eastern
C284,C290,eastern
C284,C289,northeastern
C284,C281,southwestern
C284,C286,western
C284,C293,southern
C284,C287,northwestern
C284,C294,northern
C285,C282,southwestern
C285,C287,southern
C285,C294,southeastern
C285,C292,northwestern
C285,C280,northeastern
C286,C281,southern
C286,C52,southwestern
C286,C284,eastern
C286,C48,northwestern
C286,C287,northern
C287,C286,southern
C287,C284,southeastern
C287,C48,southwestern
C287,C282,northwestern
C287,C285,northern
C287,C294,northeastern
C288,C283,southern
C288,C44,southwestern
C288,C291,northeastern
C288,C392,eastern
C288,C281,northwestern
C288,C293,northern
C289,C32,northern
C289,C290,southeastern
C289,C30,northeastern
C289,C284,southwestern
C289,C294,northwestern
C290,C36,eastern
C290,C289,northwestern
C290,C30,northern
C290,C291,southern
C290,C284,western
C290,C293,southwestern
C291,C288,southwestern
C291,C36,northeastern
C291,C290,northern
C291,C392,southeastern
C291,C293,western
C292,C49,southwestern
C292,C282,southern
C292,C285,southeastern
C292,C214,northwestern
C292,C210,northern
C292,C280,eastern
C292,C208,western
C293,C288,southern
C293,C290,northeastern
C293,C291,eastern
C293,C281,western
C293,C284,northern
C294,C32,northeastern
C294,C289,southeastern
C294,C284,southern
C294,C285,northwestern
C294,C287,southwestern
C294,C280,northern
C295,C307,western
C295,C303,southeastern
C295,C301,southern
C295,C119,eastern
C295,C305,southwestern
C295,C306,eastern
C295,C302,northwestern
C295,C126,northeastern
C296,C258,southwestern
C296,C304,southeastern
C296,C269,western
C296,C303,northeastern
C296,C301,northern
C297,C300,southern
C297,C39,western
C297,C53,western
C297,C299,southern
C297,C320,northeastern
C297,C127,eastern
C297,C326,northern
C298,C263,southwestern
C298,C304,western
C298,C303,northern
C299,C316,western
C299,C300,northwestern
C299,C307,southern
C299,C311,southwestern
C299,C297,northern
C299,C127,northeastern
C299,C302,southeastern
C299,C122,eastern
C300,C316,southwestern
C300,C39,northwestern
C300,C297,northern
C300,C299,southeastern
C301,C269,southwestern
C301,C296,southern
C301,C303,eastern
C301,C295,northern
C301,C305,western
C302,C307,southwestern
C302,C295,southeastern
C302,C299,northwestern
C302,C122,northern
C302,C126,eastern
C303,C298,southern
C303,C304,southwestern
C303,C296,southwestern
C303,C116,eastern
C303,C301,western
C303,C295,northwestern
C303,C119,northeastern
C303,C306,northern
C304,C263,southern
C304,C258,western
C304,C298,eastern
C304,C296,northwestern
C304,C303,northeastern
C305,C307,northwestern
C305,C312,southwestern
C305,C269,southern
C305,C301,eastern
C305,C295,northeastern
C306,C303,southern
C306,C295,western
C306,C119,eastern
C307,C311,western
C307,C312,southwestern
C307,C295,eastern
C307,C305,southeastern
C307,C299,northern
C307,C302,northeastern
C308,C188,northern
C308,C343,southwestern
C308,C369,southeastern
C308,C367,eastern
C308,C361,eastern
C308,C344,southern
C308,C360,southeastern
C308,C345,western
C308,C195,northwestern
C309,C314,northwestern
C309,C316,northeastern
C309,C311,eastern
C309,C310,southern
C309,C319,western
C310,C311,northeastern
C310,C312,eastern
C310,C42,western
C310,C313,southern
C310,C309,northern
C310,C319,northwestern
C311,C316,northern
C311,C307,eastern
C311,C312,southern
C311,C310,southwestern
C311,C309,western
C311,C299,northeastern
C312,C257,southern
C312,C261,southern
C312,C307,northeastern
C312,C311,northern
C312,C313,southwestern
C312,C310,western
C312,C269,southeastern
C312,C305,northeastern
C313,C262,southern
C313,C257,southeastern
C313,C312,northeastern
C313,C42,western
C313,C310,northern
C314,C315,northwestern
C314,C316,eastern
C314,C309,southeastern
C314,C319,southwestern
C315,C314,southeastern
C315,C247,western
C315,C316,eastern
C315,C319,southwestern
C315,C241,northern
C316,C314,western
C316,C315,western
C316,C300,northeastern
C316,C311,southern
C316,C309,southwestern
C316,C241,northwestern
C316,C39,northern
C316,C299,eastern
C317,C252,eastern
C317,C245,southeastern
C317,C147,northeastern
C317,C41,southern
C317,C221,northern
C317,C217,western
C317,C226,northwestern
C317,C68,southwestern
C317,C276,southern
C318,C357,northern
C318,C352,northern
C318,C19,northeastern
C318,C374,southeastern
C318,C378,southern
C318,C379,southwestern
C318,C18,southeastern
C318,C376,western
C318,C21,eastern
C318,C373,northwestern
C318,C358,northeastern
C319,C314,northeastern
C319,C249,northwestern
C319,C247,northwestern
C319,C315,northeastern
C319,C42,southern
C319,C310,southeastern
C319,C309,eastern
C320,C65,northern
C320,C297,southwestern
C320,C127,southern
C320,C135,eastern
C320,C326,western
C321,C323,northwestern
C321,C53,southwestern
C321,C325,southern
C321,C322,northeastern
C321,C324,northeastern
C321,C328,eastern
C322,C321,southwestern
C322,C65,eastern
C322,C324,northern
C322,C327,northeastern
C322,C328,southern
C323,C66,northern
C323,C206,northwestern
C323,C243,southwestern
C323,C321,southeastern
C323,C53,southern
C323,C324,northeastern
C324,C66,northwestern
C324,C323,southwestern
C324,C321,southwestern
C324,C322,southern
C324,C327,eastern
C324,C359,northeastern
C325,C321,northern
C325,C53,southwestern
C325,C328,northeastern
C325,C326,eastern
C326,C53,western
C326,C325,western
C326,C65,northeastern
C326,C328,northern
C326,C297,southern
C326,C320,eastern
C327,C322,southwestern
C327,C65,southeastern
C327,C324,western
C327,C359,northern
C328,C321,western
C328,C325,southwestern
C328,C322,northern
C328,C65,eastern
C328,C326,southern
C329,C333,northern
C329,C337,southern
C329,C338,southwestern
C329,C331,southeastern
C329,C335,western
C329,C336,northeastern
C329,C330,northwestern
C330,C333,eastern
C330,C332,northwestern
C330,C14,northeastern
C330,C329,southeastern
C330,C335,southwestern
C331,C337,southwestern
C331,C329,northwestern
C331,C336,northern
C332,C13,western
C332,C14,northeastern
C332,C335,southern
C332,C330,southeastern
C332,C169,southwestern
C333,C24,northern
C333,C14,northwestern
C333,C329,southern
C333,C336,southeastern
C333,C330,western
C334,C170,northwestern
C334,C2,southwestern
C334,C337,northeastern
C334,C338,northern
C335,C170,southwestern
C335,C332,northern
C335,C338,southern
C335,C329,eastern
C335,C330,northeastern
C335,C169,western
C336,C333,northwestern
C336,C24,northern
C336,C331,southern
C336,C329,southwestern
C337,C334,southwestern
C337,C338,western
C337,C331,northeastern
C337,C329,northern
C338,C170,western
C338,C334,southern
C338,C337,eastern
C338,C329,northeastern
C338,C335,northern
C339,C343,northern
C339,C238,southwestern
C339,C231,southeastern
C339,C341,northwestern
C339,C344,northeastern
C340,C197,northeastern
C340,C202,northeastern
C340,C102,northwestern
C340,C104,northern
C340,C114,southwestern
C340,C342,eastern
C340,C349,southern
C341,C343,northeastern
C341,C238,southeastern
C341,C339,southeastern
C341,C347,southern
C341,C144,western
C341,C348,northwestern
C342,C346,southeastern
C342,C345,eastern
C342,C195,northeastern
C342,C202,northeastern
C342,C340,western
C342,C349,southwestern
C343,C308,northeastern
C343,C339,southern
C343,C341,southwestern
C343,C344,southeastern
C343,C346,northwestern
C343,C345,northern
C343,C348,western
C344,C343,northwestern
C344,C308,northern
C344,C231,southern
C344,C205,southeastern
C344,C339,southwestern
C344,C360,northeastern
C345,C343,southern
C345,C308,eastern
C345,C346,southwestern
C345,C195,northern
C345,C342,western
C346,C343,southeastern
C346,C345,northeastern
C346,C348,southwestern
C346,C342,northwestern
C346,C349,western
C347,C238,eastern
C347,C341,northern
C347,C144,western
C347,C146,southwestern
C348,C343,eastern
C348,C341,southeastern
C348,C346,northeastern
C348,C108,western
C348,C144,southwestern
C348,C349,northwestern
C349,C346,eastern
C349,C108,southwestern
C349,C348,southeastern
C349,C114,western
C349,C340,northern
C349,C342,northeastern
C350,C355,southern
C350,C353,western
C350,C95,northern
C350,C354,southeastern
C351,C88,northern
C351,C353,southeastern
C351,C95,eastern
C352,C357,western
C352,C355,eastern
C352,C353,northern
C352,C318,southern
C352,C358,eastern
C353,C357,southwestern
C353,C352,southern
C353,C355,southeastern
C353,C350,eastern
C353,C351,northwestern
C353,C95,northeastern
C354,C355,southwestern
C354,C356,southeastern
C354,C93,northeastern
C354,C350,northwestern
C354,C95,northwestern
C354,C358,southwestern
C355,C352,western
C355,C353,northwestern
C355,C350,northern
C355,C354,northeastern
C355,C358,southern
C356,C19,southwestern
C356,C93,northern
C356,C354,northwestern
C356,C15,southern
C356,C17,eastern
C356,C91,northeastern
C356,C358,western
C357,C352,eastern
C357,C353,northeastern
C357,C318,southern
C357,C373,southwestern
C358,C352,western
C358,C355,northern
C358,C19,southeastern
C358,C356,eastern
C358,C354,northeastern
C358,C318,southwestern
C359,C137,northwestern
C359,C237,northern
C359,C230,northeastern
C359,C239,eastern
C359,C66,western
C359,C140,northwestern
C359,C65,southern
C359,C236,southeastern
C359,C324,southwestern
C359,C327,southern
C359,C235,eastern
C360,C308,northwestern
C360,C369,northeastern
C360,C205,southeastern
C360,C344,southwestern
C360,C371,eastern
C361,C308,western
C361,C369,southwestern
C361,C367,northwestern
C361,C364,eastern
C362,C188,western
C362,C189,northeastern
C362,C201,northwestern
C362,C367,southwestern
C362,C364,southeastern
C363,C368,northeastern
C363,C365,northern
C363,C371,western
C363,C372,eastern
C363,C148,southern
C364,C366,eastern
C364,C362,northwestern
C364,C369,southwestern
C364,C367,northwestern
C364,C361,western
C364,C370,northeastern
C364,C365,southeastern
C365,C366,northeastern
C365,C368,southeastern
C365,C369,western
C365,C364,northwestern
C365,C371,southwestern
C365,C363,southern
C366,C368,southern
C366,C375,northeastern
C366,C377,eastern
C366,C364,western
C366,C370,northwestern
C366,C365,southwestern
C367,C362,northeastern
C367,C188,northwestern
C367,C308,western
C367,C361,southeastern
C367,C364,southeastern
C368,C366,northern
C368,C377,northeastern
C368,C383,southeastern
C368,C385,eastern
C368,C365,northwestern
C368,C372,southern
C368,C363,southwestern
C369,C308,northwestern
C369,C361,northeastern
C369,C364,northeastern
C369,C365,eastern
C369,C360,southwestern
C369,C371,southeastern
C370,C366,southeastern
C370,C375,eastern
C370,C384,eastern
C370,C364,southwestern
C371,C369,northwestern
C371,C365,northeastern
C371,C205,southwestern
C371,C360,western
C371,C148,southeastern
C371,C363,eastern
C372,C368,northern
C372,C383,northeastern
C372,C159,southeastern
C372,C148,southwestern
C372,C363,western
C373,C380,western
C373,C357,northeastern
C373,C318,southeastern
C373,C376,southern
C373,C382,southwestern
C374,C163,southern
C374,C20,eastern
C374,C25,southeastern
C374,C378,western
C374,C318,northwestern
C374,C18,northern
C375,C366,southwestern
C375,C377,southern
C375,C384,northern
C375,C370,western
C375,C379,southeastern
C375,C376,eastern
C375,C382,northeastern
C376,C375,western
C376,C379,southern
C376,C318,eastern
C376,C382,northwestern
C376,C373,northern
C377,C366,western
C377,C368,southwestern
C377,C375,northern
C377,C385,southeastern
C377,C379,eastern
C378,C163,southeastern
C378,C374,eastern
C378,C168,southern
C378,C381,southwestern
C378,C379,northwestern
C378,C318,northern
C379,C375,northwestern
C379,C377,western
C379,C385,southwestern
C379,C378,southeastern
C379,C381,southern
C379,C318,northeastern
C379,C376,northern
C380,C384,southwestern
C380,C382,southeastern
C380,C373,eastern
C381,C383,southwestern
C381,C385,northwestern
C381,C159,southern
C381,C168,southeastern
C381,C378,northeastern
C381,C379,northern
C382,C375,southwestern
C382,C380,northwestern
C382,C384,western
C382,C376,southeastern
C382,C373,northeastern
C383,C368,northwestern
C383,C385,northern
C383,C159,southern
C383,C372,southwestern
C383,C381,northeastern
C384,C375,southern
C384,C380,northeastern
C384,C370,western
C384,C382,eastern
C385,C368,western
C385,C377,northwestern
C385,C383,southern
C385,C381,southeastern
C385,C379,northeastern
C386,C396,eastern
C386,C393,northwestern
C386,C389,northeastern
C386,C387,southwestern
C387,C45,northwestern
C387,C386,northeastern
C387,C396,eastern
C387,C393,northern
C387,C395,southeastern
C388,C266,northeastern
C388,C396,western
C388,C389,northwestern
C388,C394,northern
C389,C283,western
C389,C392,northern
C389,C386,southwestern
C389,C396,southern
C389,C393,western
C389,C388,southeastern
C389,C394,northeastern
C390,C38,northern
C390,C259,southeastern
C390,C264,northeastern
C390,C36,northwestern
C390,C392,southwestern
C390,C394,southern
C391,C396,northern
C391,C395,western
C392,C390,northeastern
C392,C283,southwestern
C392,C288,western
C392,C36,northeastern
C392,C291,northwestern
C392,C389,southern
C392,C394,southeastern
C393,C283,northern
C393,C44,northwestern
C393,C45,western
C393,C386,southeastern
C393,C389,eastern
C393,C387,southern
C394,C266,eastern
C394,C259,northeastern
C394,C390,northern
C394,C392,northwestern
C394,C389,southwestern
C394,C388,southern
C395,C396,northeastern
C395,C387,northwestern
C395,C391,eastern
C396,C386,western
C396,C389,northern
C396,C387,western
C396,C395,southwestern
C396,C391,southern
C396,C388,eastern
D1,D3,southern
D1,D6,southwestern
D1,D7,western
D1,D8,northern
D1,D15,northeastern
D1,D17,northeastern
D2,D49,northern
D2,D5,southern
D2,D47,western
D3,D6,northwestern
D3,D1,northern
D4,D11,western
D4,D12,northern
D4,D7,southeastern
D4,D10,northern
D5,D49,northern
D5,D11,southeastern
D5,D2,northern
D5,D12,eastern
D5,D38,western
D5,D47,northwestern
D6,D27,western
D6,D3,southeastern
D6,D7,northwestern
D6,D1,northeastern
D7,D27,southwestern
D7,D11,western
D7,D4,northwestern
D7,D6,southeastern
D7,D1,eastern
D7,D8,northeastern
D7,D10,northern
D8,D19,northern
D8,D53,northwestern
D8,D7,southwestern
D8,D1,southern
D8,D10,western
D8,D9,northwestern
D8,D15,eastern
D9,D52,northwestern
D9,D53,northern
D9,D8,eastern
D9,D10,southwestern
D10,D49,western
D10,D12,southwestern
D10,D4,southern
D10,D52,northwestern
D10,D7,southern
D10,D8,eastern
D10,D9,northeastern
D11,D42,western
D11,D27,southern
D11,D5,northwestern
D11,D12,northeastern
D11,D4,eastern
D11,D33,southwestern
D11,D38,northwestern
D11,D7,eastern
D12,D49,northwestern
D12,D5,western
D12,D11,southwestern
D12,D4,southern
D12,D10,northeastern
D13,D16,western
D13,D14,northern
D13,D18,northwestern
D13,D19,western
D13,D15,southwestern
D13,D17,southeastern
D14,D13,southern
D14,D18,southern
D15,D13,northeastern
D15,D19,northwestern
D15,D1,southwestern
D15,D8,western
D15,D17,eastern
D16,D13,eastern
D16,D18,northern
D16,D19,southwestern
D17,D13,northwestern
D17,D1,southwestern
D17,D15,western
D18,D16,southern
D18,D13,southeastern
D18,D14,northern
D18,D19,southwestern
D19,D16,northeastern
D19,D13,eastern
D19,D18,northeastern
D19,D53,western
D19,D8,southern
D19,D15,southeastern
D20,D44,northern
D20,D21,eastern
D20,D25,southeastern
D20,D30,southern
D20,D26,southwestern
D21,D44,northwestern
D21,D42,northern
D21,D29,northern
D21,D28,northeastern
D21,D25,southeastern
D21,D20,western
D22,D24,northern
D22,D30,southeastern
D22,D26,northeastern
D23,D25,northeastern
D24,D44,eastern
D24,D40,northeastern
D24,D37,northeastern
D24,D22,southern
D24,D26,southeastern
D25,D21,northwestern
D25,D23,southwestern
D25,D28,northern
D25,D27,northeastern
D25,D30,southwestern
D25,D20,northwestern
D26,D24,northwestern
D26,D44,northern
D26,D30,southeastern
D26,D22,southwestern
D26,D20,northeastern
D27,D28,western
D27,D25,southwestern
D27,D31,northwestern
D27,D11,northern
D27,D33,northwestern
D27,D6,eastern
D27,D7,northeastern
D28,D42,northwestern
D28,D29,western
D28,D21,southwestern
D28,D25,southern
D28,D27,eastern
D28,D31,northern
D28,D41,northwestern
D29,D42,northern
D29,D21,southern
D29,D28,eastern
D30,D25,northeastern
D30,D22,northwestern
D30,D26,northwestern
D30,D20,northern
D31,D28,southern
D31,D27,southeastern
D31,D41,western
D31,D33,northwestern
D32,D44,southwestern
D32,D42,eastern
D32,D45,northern
D33,D42,western
D33,D27,southeastern
D33,D31,southeastern
D33,D41,southwestern
D33,D11,northeastern
D34,D44,southern
D34,D37,western
D34,D39,northern
D34,D45,northeastern
D35,D37,southern
D35,D39,eastern
D35,D48,northeastern
D36,D39,northwestern
D36,D43,southern
D36,D45,southwestern
D36,D46,northeastern
D36,D38,southeastern
D37,D24,southwestern
D37,D44,southeastern
D37,D40,southeastern
D37,D34,eastern
D37,D35,northern
D37,D39,northeastern
D38,D42,southern
D38,D36,northwestern
D38,D43,western
D38,D46,northwestern
D38,D49,northern
D38,D5,eastern
D38,D11,southeastern
D38,D47,northern
D39,D37,southwestern
D39,D34,southern
D39,D35,western
D39,D36,southeastern
D39,D45,southern
D39,D46,eastern
D39,D48,northeastern
D39,D49,eastern
D40,D24,southwestern
D40,D44,eastern
D40,D37,northwestern
D41,D42,northwestern
D41,D28,southeastern
D41,D31,eastern
D41,D33,northeastern
D42,D44,southwestern
D42,D32,western
D42,D43,northern
D42,D45,northwestern
D42,D29,southern
D42,D21,southern
D42,D28,southeastern
D42,D41,southeastern
D42,D11,eastern
D42,D33,eastern
D42,D38,northern
D43,D42,southern
D43,D36,northern
D43,D45,western
D43,D38,eastern
D44,D24,western
D44,D42,northeastern
D44,D40,western
D44,D32,northeastern
D44,D37,northwestern
D44,D34,northern
D44,D45,northern
D44,D21,southeastern
D44,D26,southern
D44,D20,southern
D45,D44,southern
D45,D42,southeastern
D45,D32,southern
D45,D34,southwestern
D45,D39,northern
D45,D36,northeastern
D45,D43,eastern
D46,D39,western
D46,D36,southwestern
D46,D49,northeastern
D46,D38,southeastern
D47,D49,northeastern
D47,D5,southeastern
D47,D2,eastern
D47,D38,southern
D48,D35,southwestern
D48,D39,southwestern
D48,D49,southeastern
D48,D50,northeastern
D48,D52,eastern
D49,D39,western
D49,D46,southwestern
D49,D48,northwestern
D49,D5,southern
D49,D2,southern
D49,D12,southeastern
D49,D38,southern
D49,D47,southwestern
D49,D52,northeastern
D49,D10,eastern
D50,D48,southwestern
D50,D51,southern
D50,D52,southern
D50,D53,southeastern
D51,D50,northern
D51,D52,southwestern
D51,D53,eastern
D52,D48,western
D52,D49,southwestern
D52,D50,northern
D52,D51,northeastern
D52,D53,eastern
D52,D10,southeastern
D52,D9,southeastern
D53,D19,eastern
D53,D50,northwestern
D53,D51,western
D53,D52,western
D53,D8,southeastern
D53,D9,southern
A1,A2,northeastern
A1,A3,southwestern
A1,A4,western
A1,A5,northwestern
A2,A1,southwestern
A2,A5,western
A3,A1,northeastern
A3,A4,northern
A4,A1,eastern
A4,A3,southern
A4,A5,northeastern
A5,A1,southeastern
A5,A2,eastern
A5,A4,southwestern
